0.592913609914704,0.74939270931092
0.130564072160925,0.528603512946768
0.554656906539118,-1.25347267981569
-0.391512958046387,-0.882778639475494
-0.551223939755932,0.0773361037863062
-0.0901126531176965,0.462791822989101
0.0593439125689671,0.646015944928947
0.00794203668331426,1.06790732015728
0.4246619962158,0.495871700897563
-0.354953667660282,1.36238014288193
-0.750119313232647,0.530300487263221
0.0685213937048411,-1.06593535886073
-0.0723458410229047,0.249432003227811
-0.00311035571624422,-1.07006624375945
0.281437449563687,0.0711769312536851
-0.265435553679757,-0.831445087308858
0.443791276303909,-0.0433575198697088
-0.1366426874058,-1.3220898119384
0.288100432885871,1.22351743357415
-0.870789242597391,-0.40237561677396
-0.434233813003742,-0.435124726238607
-0.249689456652022,-0.0196052693717614
-1.24918421090768,-0.938510834555047
-0.217210207688799,-0.0454556769743776
0.837299949726309,0.396161847128019
-0.403280478353343,-0.417689238149975
-0.13720988505334,-0.0976590790942606
-0.126460027624049,0.241531239540384
-1.11473689650834,-0.358838263706488
0.309430670375136,0.338062602958145
-0.354184468814773,0.536217123917053
-0.588450180783456,-0.519064658470791
-0.580789629627385,-0.964160287816478
-0.0954435263000729,0.288007993749423
-0.681399312512981,-0.188226065248481
0.462787361305949,0.936514276252394
0.584652521316561,0.0490183124899055
0.345690811455403,0.34474143096881
0.453891884460085,-0.351858776578041
0.131246257436712,0.215280161011373
-1.24741914491966,-1.31811690946709
-0.131281651246993,-0.0712749703650145
-0.358910657252449,-0.4666865843261
-0.097340101687598,-0.195193148521043
0.443395863903713,0.08604749899861
1.04388456204143,-0.902193583426713
-0.221061919140946,-0.20251475774919
-0.684377951813545,0.64083159355747
-0.0504119856247272,-0.568532923701508
-0.226631451428387,-0.408622081230465
0.476374307007769,1.21223947804121
-0.206244077422747,0.39864970268425
-1.39410468311033,-0.194017009279885
-0.248068812163058,-0.694603468588369
1.19653611204447,1.31765949942545
-1.39295726356366,-0.940725500062131
-0.594363705239624,-0.375670965150496
0.00711386759469957,0.430161558450254
0.281757044483261,0.085200411204397
-0.0206453418106253,0.941041362233635
0.0695859445199596,-0.352677935835519
0.0272647761586664,-0.600720228595325
0.182659344710945,-0.229626466021905
0.500199790077507,0.380470687331058
-0.598434624644328,0.0261219021909276
0.0394394964013056,-0.7996409342093
0.32074851092845,-0.919608251135748
0.417157749517602,-0.287205596268032
0.938123315628253,-0.657258139329187
0.751319384291446,1.10072720065696
0.632727507668504,1.47088098031233
-0.402960951942844,0.992252790623061
-0.0748816675893358,0.5904786913252
-0.0764062759758985,-0.955418688486842
0.805379690100481,-1.83251354476259
-0.989437569714527,0.554038167144591
-1.24756393778358,-0.927326991274865
-0.223838097750435,0.962487787733284
0.505889226284399,0.0672551303661541
-0.237373257816923,0.364614300181743
-0.0969793080789892,-0.622325343255787
0.622192567128135,-0.50912141795282
-0.077020720864855,0.925216707528517
-1.02073383774098,-0.546818676015596
-1.02567402401981,1.31659283893737
-0.226877768693764,0.555703859819869
-0.642902702949495,0.597933251666431
-0.985066606724251,0.131749154453695
0.196488839198645,-0.560588919851993
-0.0890091672946285,0.084707327754241
0.727450288865333,0.0407039752266482
-0.542299085836243,-0.962890243006153
-0.387707361396853,0.932506718902929
-0.169425459503093,0.815728701312666
0.283371893088933,-0.671215251304792
0.114425199159969,0.456280616616276
0.548514958951699,-0.783432798306102
-0.215838526302591,-1.81574785122002
-0.612449332693017,-0.729564920988023
-0.0472616418130746,-0.246683023587043
1.42334944148432,0.254859150182583
-0.201939683099114,0.516664771170723
-0.402803920567081,0.0910071246370723
0.946725946642858,-0.523666952195746
-0.197033640143278,-0.0166740386637267
0.409102227097801,-0.951180636837695
0.313481455697035,0.894100967369486
-0.0338785907471276,-0.461790995917485
-0.446001221472987,-0.478364485311828
-0.653225653534291,-0.358376948997357
0.0354055325646254,-1.1657092520686
0.0816312362296749,-0.0512737182529619
0.372290038993978,-0.42504099068856
0.00930399864954088,-0.333259715995919
-0.36003842168654,0.653597524200136
0.460584005793917,0.505942178019887
-0.889042918112955,1.10792842986115
0.412092796432287,-0.765549407384305
0.937465765371903,-0.8999364344064
0.0915476350194142,-0.197345799262603
-0.141927954908635,0.152958913115711
-0.111092586432539,0.348458730323172
-0.0540878551883229,0.400114958376211
1.25338973700338,0.735830357090803
0.442472088894719,-0.430154669492935
0.783120016469909,-0.433517317036831
0.327230003693039,-0.861296861927597
-0.253366986234328,-0.168329169466211
0.678971363290679,0.141209989426786
0.460853952430004,-1.2934120468752
0.507168552495622,-0.661384890779695
-0.232253062691743,-0.223807908534546
-0.322996324704548,-1.54758023780118
0.862657065153057,0.539873567969793
-0.881218766431503,-0.218217403315496
0.800810117629559,-1.14417273288252
-0.0279960855559305,-0.522993476145895
0.459923116987169,0.0297714781820107
-0.0157779674595376,-0.0787067818678172
0.339339377941087,0.133685338253957
-0.317608403897228,-0.767845728039164
0.474731643352724,0.298992289871179
0.77188554020255,1.70957198935511
0.339138006502366,-0.778553525879293
-0.593970729415739,0.168920802367943
0.405345711841537,0.0648214246171478
0.368266729183304,1.84428679938895
0.419943836283085,-0.0301086622823375
0.407364127903454,0.775593540125393
0.430288688305803,0.139809730270144
-0.487830457570118,-0.073825773901089
0.425227511401029,-0.169880335603107
1.23800161868588,-0.167440903395919
-0.285239155271302,0.0746351291644853
-0.50486847671065,1.09381795685986
0.447216019657319,-0.583931704206596
-0.912086133629451,-1.20592232521733
-0.216417601660838,1.029381623709
0.373500963355656,0.602277371344416
-0.527364740970769,-0.694040666124519
0.33355581944405,-0.298562628224873
0.799337356212506,-0.457766416443921
-0.466316870268889,0.297787020102075
0.0685095277934572,-0.319540010243172
0.840952184918601,-0.544568538946207
-0.25026728466006,-0.178739224043002
-0.216689126178152,0.112424212765964
-0.322204838782974,0.373786786681619
0.396774876312218,0.0707844232673233
-0.0986145296027117,-1.05688397053177
-0.437089064231176,0.313119868281483
-0.406529594811177,0.0753170982046198
0.0688828703595603,0.666945819369305
-0.142107461280061,0.513015915784629
-0.0283707129378088,-0.692284441597509
0.0402551719773782,0.956087589096027
0.0844497773640373,0.705136346362735
-0.144154401748763,-0.577651645180234
-0.649688976549036,0.367012067565115
0.00456241346283604,-0.239628766753473
0.571879746247252,-0.286731583327166
-0.570470163874792,-0.109858222631915
-0.556265217465365,0.0110398502821378
-0.865782133724666,0.934685165250165
-0.602449487655529,0.554554716488625
0.201225478954576,-0.188920619638934
-0.248981451112591,0.36862541664225
0.0500811090040327,0.0430206657967629
-0.393381542835198,-0.518012884672493
-0.186873798803916,-1.5546137310399
-0.230669961646288,-0.82504167402442
0.0161849752389835,-1.0928143344738
-0.569058857021469,-0.497316603108429
-0.307433711315908,-0.179842028138595
0.247853864118495,-0.40091189993336
-0.134832788165452,0.346272847506513
0.615328007073677,0.460799259490317
-0.304315436518455,-0.0498549788089994
0.042188884846226,-0.860399870284119
0.364602746490006,-0.508749474802572
-0.22488403990084,-0.715856718913565
-0.115955171237364,0.215123817357741
-0.917835052145735,-0.216411295917304
-0.848970491591272,-0.0613132140798949
0.522017477268848,0.0334793357416863
-0.0837096451916757,0.410892544533351
-0.104782171305481,1.32235140656855
-0.386026219494516,-1.08301195261302
-0.883283615058428,0.884635633363265
0.0126777551099913,-0.50707639294056
0.472259159586697,-0.681020163737701
-0.584459414408311,-0.607324764930971
0.219055104862695,-0.515453316594185
-0.265657417482604,-0.375630836436246
0.588803497944562,-0.379747477529882
0.38539589544859,-0.739126790079887
-0.936314534505545,-0.991520686645473
-0.217763636310449,-1.16031081721961
-0.452556898660486,-1.02785131621256
0.374825290733319,0.850767046783678
0.770853301539991,0.368297757520534
-0.433765224746072,0.186111620568489
-0.0985027015260377,-0.508825413859011
-0.85069703151736,0.649876761912874
-0.0474539778892779,1.04352899454701
-0.496786372613682,-0.1963192001915
0.551541916376277,0.152037158584918
0.37255594052446,0.446157254040556
-0.231920305708344,-0.000400654930924353
-1.83457352720984,0.121843278415903
0.666871150791006,-0.760209177595956
-0.971508313728835,-0.23142019997894
-0.0630729109095613,0.45993090612741
0.737044117810934,0.521680815843385
0.18932453574609,0.201251713310273
0.539454137544801,-0.249479463626042
-0.301574348928569,-0.0215557529872961
-0.167642198557382,0.403544510252521
-0.570154936181461,0.181774943881415
0.444001959337442,-0.000150444450093591
0.201931005156618,0.705481363922141
0.784854348361872,-0.640020177422649
-0.0488230802586087,0.36068808281371
0.159647400186084,-0.337138376490027
-0.817335980758872,-0.109264230302407
0.192181527509114,0.278806990444314
0.526685931855192,-0.228948382091059
0.0634288894909953,0.166767231180905
-0.0939329720297112,-0.879155750725457
0.229105561601746,0.10828156270552
-0.478987104799003,-1.32688902410564
1.06901922767224,0.456236316601882
0.536284000765564,-1.58844559406679
-0.0345419257979836,-0.169856769715215
-0.315855751073495,-0.41844248510394
0.135007719055799,0.0357943154701934
0.208403681034992,1.04339395713795
0.358616975820675,0.157106470732185
1.58378508522772,-0.365119028676419
-0.265787919985578,-0.936524269718413
-0.41479584080935,1.09225633807167
-0.581414364616846,0.0303662991810942
-0.232518762446636,-1.30627708161705
0.792006763703299,-0.31190130500529
-0.313306305881838,-0.511586573582508
0.237902997460232,-0.154713248302796
0.0531983857092414,-0.000778487601296517
0.414662375400795,-0.136179013370668
0.266015302540461,0.0375477874397028
0.415911949973969,0.253434763777662
-0.645952413269635,-0.0413897888804233
0.716448553477294,0.0887780030584714
0.383256496279781,-1.05916374072653
0.829540054456094,-0.588877390213238
-0.843941125388766,0.854675152445493
-0.679620040502611,-0.40301056292192
-0.382024369259596,-0.339469686213089
0.431197510086084,-0.233580922025184
1.02965503757387,-1.10814434144668
-0.33955315054388,0.0253547083873199
-0.580174760766777,-0.652962045854491
0.0286058535954483,0.809372801322789
-0.382594361731231,-1.91916906538029
0.373481617255519,-0.0998420082603039
-1.13540944106063,0.0999486991919932
0.355672618151167,-0.00780447606456284
0.679867225864116,1.06413000013226
0.539059249476721,0.735286341717662
0.0185090962755514,-0.653021499556498
0.260247706477318,-0.330240465402328
-0.334801947843403,-0.815417583910833
-1.06239543682948,1.67308760704704
0.141603679844112,0.00553499805534212
-0.09658404963501,0.622189144328304
0.264188615815451,-0.907292972527856
-0.54985555139516,-0.511604273130869
-0.393749989153157,0.493136102368749
-0.0454966409421024,-0.920554314857914
0.364912716808741,-1.3227681576781
-0.144036741130373,0.53601047252179
0.743934491712624,0.0984584161019921
0.0517055446469129,-0.484497190307966
0.29420408243908,0.576838240389404
0.105002535311105,-0.660309470772644
1.02111692538578,-0.419903872124004
-0.0262717093902121,-0.118310228648884
0.320103247098669,-0.55085414944218
0.678257891601884,0.289355876452133
-0.213145429780133,-0.0453176538592328
0.413926516245194,0.17956408945247
0.488832971141691,-0.368860741828347
-0.124638182375314,-0.856107342381136
-1.18569661402778,0.548235710989212
0.690378159730141,0.0425889923637378
0.146249977789413,0.24055026490907
0.481798100303236,-0.0901718766785795
0.738474147445668,0.486166335548467
0.566309588800498,0.765869382966968
-0.639443893953066,-0.347213729200407
0.373052986702033,0.645885494081018
0.746069137866834,-0.918700899371653
-1.00815151535805,0.542329822761997
-0.125352585776174,-0.389065166222626
-0.0932383025232332,0.418203932374498
-0.015916903611846,0.228253807306793
-0.62366649321826,-0.541230981497646
-0.225831492330676,1.2997342107155
0.631746105388939,0.0861789007633566
-0.239564127615423,0.162867907273628
-0.0416329432845564,-0.0643238131991267
0.296444717701631,-0.525723687393189
0.0433586022253017,-0.326196613338649
-0.520408933149731,-1.4411036945865
-0.087064420887869,-0.18130801579182
0.274784058884438,-0.317851225754789
-0.0500989805253179,-0.516922009329361
-0.286143775256274,-0.900547616663738
-0.19861096582761,0.258125257212675
-0.771139649909663,0.392513707271692
0.32234117767493,0.192941182470324
-0.668873502415623,-0.395923311991257
0.605660284558866,-0.213414767772392
-0.0686406555985642,0.494126493085073
-0.73060588945242,-0.297292263104957
0.0947115369159124,0.167705842494537
0.77839124512951,0.410241847789982
-1.08353554034535,0.298998821075407
-0.515692785698371,-0.13972591184755
-0.577083004789811,-0.380173872911855
0.011694408893208,1.58041319153194
-0.57669247510152,-1.84488730079947e-05
-0.85139870422908,0.273253080069668
-0.534951018560061,0.181293810960766
0.106987780605221,-0.29967303703185
0.357354217632883,0.0795219239521507
-0.0505324189588889,0.37229366685441
0.217219409969839,0.460494598465395
-0.538096952513633,-0.0437772254584398
0.202925960713331,-0.298077012812077
0.0868469906597191,0.151607642210919
-0.448304497912637,-0.974012946693872
0.394609251514618,0.966959844735121
0.0268987260216274,0.792334697966392
-0.0227035193023313,-0.778945695082229
-0.0650532153794348,0.0949245660037921
-0.887340941674127,-0.399627841837149
-0.946881492991861,-1.14047129840167
0.186569328229701,-0.05725643343864
-0.206861709534956,-0.0754405992370253
-0.158988438674844,-0.151241522598408
0.0759351759068548,0.549057249812352
0.377334241358564,-0.103279743616283
-0.668871107025092,0.0390731277534978
-0.30114378813427,-0.77756722025951
-0.120649332906063,0.445105854030992
0.110732682591045,-0.410553936941617
-1.34635919636382,0.124445539171155
0.196107199543653,0.00302071595957059
-0.675505107040555,-1.14543209392118
-0.365155245902858,-0.157366492361764
0.648325508606093,0.303665169655026
0.113190018073404,0.0540136345851943
0.601208021186145,-0.275822518185137
-0.246246662900327,0.893893316865425
0.6156884962091,-0.373938365034684
-0.125338273954149,-0.394251568739174
-0.555068561814494,0.19408052742737
1.14732544221072,-0.546519140656315
0.247137055595147,-0.40741227766999
-0.496286668527626,0.0998069523825379
0.318874011472422,0.823983208167448
0.161809958207661,-0.350149265459027
-0.0377917793339164,-0.356187751401762
1.10757912646824,-0.38086091546029
-1.05423724883653,-0.684523553317183
-0.757155407834327,0.316779731391856
0.196761127857959,0.721231273080658
0.743395520357673,0.388427690699529
-0.0661647081498417,-0.214527892051877
1.7352546108071,0.788992126688002
2.3820093208074,2.11729262456197
2.15555018295047,2.40524005860024
3.09881517085608,1.99940101870878
1.4010953495254,3.03540802949678
3.47234439428079,2.74831328984326
1.87745243642002,3.0965867397205
2.91261436944849,2.60078079862684
2.47842392470572,3.25596700612095
2.98997819380266,3.35152489200819
2.05922335895351,2.52667082072067
2.59509701190156,3.02649889312313
3.35728272578308,3.24436972773629
3.42584679969363,3.01289475448323
2.28559544780225,2.5973353903995
3.06104906942508,2.79016777350914
3.22977778933045,1.82085542522462
2.8253024904453,3.27557042372323
2.41659343434026,3.24711196928398
2.26864724749625,2.31065493098381
2.11744193989884,2.30517225750973
2.57971348489257,2.48320581551344
2.24609054987972,2.77267879772949
2.91379754307061,2.17116387942096
3.35780966034125,2.55414273954279
1.62263642041993,2.22972558804513
2.40728008954771,1.6922910913064
2.48380112227626,2.63392725851459
2.30818995973195,3.18329087183828
1.77145302970478,3.09588577303269
1.41919834273347,2.2837198476627
2.30664190604204,3.13118732981819
3.35801346336603,2.83320777543562
2.44743762655628,3.62319016518723
3.18283898154924,1.91896830992636
2.60640304444027,1.88955771969669
1.63360228205006,4.19566246708836
1.87416250451492,2.93205292430696
2.43817218091164,1.81213851285201
2.53058993927135,2.67519659067197
3.48043266288225,1.76572894827007
2.1614947568616,2.47262857334338
2.80780856487517,2.68163305316794
1.92252356000846,2.16043260303313
2.83297514366177,1.38657225896906
2.09864745434814,1.67953730146723
2.43400233140085,3.24018618922797
2.03907891404609,2.62263378917248
3.64206089170373,3.44012231473792
2.47612822631098,3.30430304476145
3.10904727626885,2.79312616207475
2.82080433530683,3.28291440064368
3.3465001460957,2.2431969242279
2.18912993931385,2.7873792264694
2.42193482083073,2.81060996564989
2.44717164788353,2.69132207767984
3.20152756267051,2.16928392278924
2.23413617964745,2.25763561908784
2.72451565842882,2.5773463801902
2.59065747283319,2.81340250206144
0.945740637654618,2.58149106389307
2.51387310304102,2.5813028243462
3.44127797725649,2.40107303287191
2.98126839593494,2.53981799926187
1.86888272322245,2.28446723918542
2.71669837935135,2.72528314535443
2.16819502031564,3.09678679339676
2.49602287925463,1.77760938526069
2.23733620319117,2.7017477853496
3.15586349583822,1.64835563603444
2.93627756644727,1.76696359363101
2.56149086652792,3.41592899849748
2.10195321861371,2.85445153827118
2.47895674847342,2.92153638785412
3.14365004923421,1.52341296287816
3.40566044056286,1.54877137706239
2.4884981508757,2.57568123393454
2.09596042103373,1.58176501290383
2.78486183134525,1.46580807557246
2.70303774287815,2.57703393522411
2.85724107227273,2.83859977794091
2.40025029697604,2.33913705932123
1.95153803873222,2.5590457679499
2.11568853363775,3.07058422635417
1.95001234870267,3.04015780002423
3.05615649987794,2.2596411710189
1.31976096808745,2.23497591621196
2.44669100183686,1.6353025861494
1.68331507739605,2.39372154685391
2.51179200117242,2.20640357960977
2.36670531589257,2.25024271633072
2.95224081518446,3.39289309389345
3.25875374738048,2.65249508086243
3.46738543812812,2.51945221616188
2.86026234265376,2.27914702284233
2.99699746943768,3.59772006570042
3.25018346748393,2.3390053211484
2.02482605660553,2.08906310794817
2.94043019548215,1.67621042734911
2.23099133385108,2.2640411276204
1.65969383365082,1.67471244788768
1.58159765054927,2.8251582786507
2.5804870037014,3.14717542248343
2.26804163443846,3.59667646333099
2.86786390208746,2.22139743953515
1.94857393986226,1.98604182910302
2.91629416799851,2.62163393443924
2.66296220039607,2.23284825842287
2.35674745925564,2.31106443208229
2.76821512389669,2.14088286062869
2.12592570429537,3.31864549590785
2.04579485334919,2.58710601256077
2.03122874184163,2.18948643202115
3.24101302877404,2.50348492410364
2.0124603534828,2.40762373484992
2.87927913694906,3.08817778964796
2.63574440059314,2.54060394838012
3.24578922190162,1.39554339445213
2.35535126358694,2.88131208031905
2.44426352864309,2.21928412076408
2.52730400684574,2.20224693872936
1.86106538647686,2.59779862926292
2.51961980829254,1.69822718287379
2.12863446918603,2.60008224685163
3.20517782758634,2.35495085617513
3.46090371657922,2.66773840802398
2.37207884365047,2.13590492275133
3.08676125878839,2.50147529058358
2.381457692837,2.20787758140858
3.82218853753617,2.81011545318247
2.83110427347493,2.73476697839189
2.78553901114873,2.65829901910776
1.56194755390973,3.19305182343762
2.06883607909746,3.17850696885549
2.20775839975069,2.92189349414522
3.80406331992752,2.33536318029863
1.9530635715066,3.13700084253854
2.40902140957325,1.83343130594821
1.5752172749555,2.96018061371572
2.38788018712492,2.62091481306891
2.90105960634243,2.20594299557504
3.85932353000589,2.99018357238183
1.46514309779107,3.30263359246524
2.08599764069148,1.77655597958576
2.24396116385459,2.62503692031542
1.32563977378515,1.14064895012236
2.20651124513161,2.69876441355171
2.93642900329792,1.65782609313167
2.33375151717404,1.939780750712
2.88667392049613,2.32469754201665
2.00923595844135,2.93181080380488
2.28227126591392,3.24259808656314
2.81627784370505,2.18280406574098
3.06473240106143,2.95449585815341
2.74228451391013,2.37499665000282
2.12610562275109,2.53773838902532
1.76227561040629,3.35345834611963
2.4755335993365,3.26403623865777
2.30383379776169,2.61469281430838
2.71357935436552,2.01581199959807
2.50445089695838,3.25031527368595
2.57334836958281,2.56267027810487
2.62378782260829,2.63357170275003
1.90129811855688,2.8219332805072
1.81880995248774,2.5986903339721
2.260242005877,2.23029505655846
1.91383298571524,2.30864188231607
2.97499717096952,3.12883825617924
2.84910316851861,3.0138736088169
2.8727509642506,1.86512795650332
2.78577124599061,1.94750243185066
2.41652777229891,3.27942212199155
3.08027179999793,2.76175730480478
3.30203316380181,2.29063428347197
1.81764743191272,2.54445406014495
2.02597376934379,2.61672491209974
1.51894835251594,2.32551312401744
2.67413387354734,2.11596560776698
2.36725862464453,1.74016937044737
3.12134808482625,2.36423716737302
1.84521785121599,3.00236986406757
2.49688953891232,2.95944871540916
3.22480452743894,1.21360088361933
3.86098206985087,2.57882092296923
2.23609988333506,2.09828859905905
3.11916108460429,2.32814227460359
2.99762945403291,2.83381988758988
2.81646416543399,3.16669426865394
1.96570788612352,2.56616140945417
2.13878820682462,1.97673442090616
2.16341483218803,3.0969564432683
2.21196608995384,1.2995916198856
2.61904909990253,2.44133397540576
2.08145779242573,2.09457761350367
3.47674819797815,1.67699213178974
2.31785284503903,2.46597781611008
3.26847353459151,2.5446512002657
3.34461925202237,2.46489838271363
2.46372443380216,3.09354054836071
3.28117638480566,2.3154166368942
2.53910809120132,2.841558337566
2.69912109799774,3.12250669462216
3.06161566294103,1.95031863599366
2.9684745432202,2.39371223072391
2.135786012602,2.17870954730406
1.3105791845053,2.49044040517316
2.67927541949609,3.16686992795137
1.80265039701844,3.63035656212229
3.44645979909449,2.7943991540811
2.13277254790324,1.56607409421597
1.60141294949673,2.63848130827846
2.35763282476121,2.4444851489396
2.78280036966251,2.8030691757795
2.28431746789398,2.47366379778688
3.26175518485571,2.85052036677197
2.59725150324587,1.73866374281506
2.33469709121146,1.79195133737508
2.86726651692468,2.62131514084067
3.14771488871279,2.12871295174495
2.03712713167143,3.02171590084766
2.57496081788977,2.84935973866093
1.90211932046216,2.10839365322531
3.12639584852476,2.92731656746072
2.03365830725935,2.79871271668132
1.99936295499211,1.77124690386404
2.51316637207553,2.23487315947228
2.24104808391119,3.02326380270651
2.77261742378259,2.02458690803999
1.73980663710586,2.32422006864663
2.88921007768239,2.84891272353473
2.77143465270037,2.08989923555453
1.79922580427727,2.54827571654011
2.49020827257066,3.15184800501871
1.58044214670686,2.01179712129901
2.52126223113346,2.64531383445292
2.92229911599392,2.80932629121977
2.69615584079245,2.19361206703996
2.96536343189491,2.37729444353689
2.00831928438276,1.96516901925533
2.40847446922884,2.52409505867401
2.8928331950041,2.75710376583064
2.1235255965055,1.06603280900988
3.15025579869046,1.83978911195893
3.26216571637864,2.37489678410347
2.95751168543232,2.57621903084518
1.98260918419585,2.71019293565538
2.87365137865979,2.96414671487454
2.58605024023722,2.5904869847179
2.60031361319429,1.49369794197921
2.17253395003103,3.21389882734474
3.29092969551414,1.76197216461
2.72830231997227,2.64074791303341
2.40087477539512,3.08957513372625
1.52939418324756,2.89564463039372
2.75679266276143,2.27656551308101
2.42979086447586,1.98185572270634
1.7204119972903,2.72595438521255
2.77923730704549,2.44497556095786
2.51746887520807,1.38643274641323
3.2037804114093,2.02014346764004
1.9593326939902,2.07198558358363
3.53061885067098,2.24253746451423
2.67421925400012,3.26076121656358
1.00846412821073,2.67270423057193
2.53816059281934,2.12799514895219
2.2136462396483,2.68984718201421
3.67601208196587,2.44168920249917
1.96231811961659,1.96841609151345
2.12110979059467,1.93821947248387
1.81670200980028,3.40781908090536
1.79704862838666,2.38479423899842
1.71757411806675,2.8286939490788
3.69408572284028,2.67230627723502
3.14475249921958,2.98598664972231
2.28076937154028,2.56596665398516
2.14114505249985,2.98559687552053
2.66241902131599,2.95513605423402
2.33554258860941,2.58148522735623
2.88272850743203,3.06833548662447
1.87843131760033,2.35650405495718
2.60783296652863,2.42166598887336
2.51542068934702,3.37262636402826
2.78276638312114,2.87684531186221
3.18503277974197,2.17917873365668
2.35493993612808,3.34793841579027
2.21941542203424,2.42311899739156
2.92130470949772,2.25794517175082
2.19795874971392,2.16461357861902
2.10823120399285,2.81025166152582
2.62598724522666,2.9102780955793
2.7537001164048,3.05723920691202
3.70659252438677,1.97543866287232
2.09171955341197,2.30612624430259
2.61529308033455,2.79501782603854
2.02021310152002,2.79741689016469
2.78706168751128,1.46893778702535
2.89691852744191,2.00072626744465
3.2387791822866,2.70596375098685
3.17392509444195,2.22219584557439
1.79146878420901,2.73755157260144
1.48703187888014,2.44725743526069
3.1117570219511,1.92105668357945
2.68807238072061,1.78406764875731
2.16250730553864,2.99140665264761
2.55515949094805,3.13709844855371
2.62436300233248,1.75791147916516
2.46547786037297,2.13018293523267
2.63161378329588,2.0158622822875
2.92417299174171,1.31829767631618
1.93382554547453,2.45276603812039
2.11028930534933,2.27755176630862
2.62283515553616,2.06187200208768
3.2131155824112,3.00700529442239
1.99195330562388,3.49074965055121
1.241152353508,2.79024598273769
1.81321939842019,3.31142267712677
3.4577231669012,2.51661707403541
1.68133742324031,2.41211482397447
1.44032117422951,2.40687471917791
2.71094744799649,1.47836586448162
1.97054496010149,2.09440731171071
2.45687106866617,2.6523953176237
1.99695412105505,3.60310357073462
1.67575778533686,1.67102051372866
3.16265548265707,1.49333682001283
3.00060579766474,2.94923022275745
1.59203731280706,2.02674701733774
3.60809187671248,1.82591712754704
2.1722948067845,2.72110964959633
2.85410170581071,2.6040317148493
2.09242891203056,2.13178625681954
2.72043087038892,3.45263553189481
1.95222843188972,3.33622761182064
3.16646574904614,2.14579791435678
2.45052118794899,2.39388160764126
2.187883060923,2.08925437723303
3.3195682912781,2.2104811236452
2.46933639420758,3.12002464212574
1.69990667282998,2.29723724428176
2.48836719095122,1.99588706892038
2.66045045253075,3.12754761710665
2.3770239816272,2.76422296555167
2.79041978905676,2.05821052605017
1.8786825818463,2.53439434145496
2.73996225876032,2.41975270858647
3.21969767067793,2.13344843569656
2.17564012145672,2.97770318691934
2.39517172550803,3.22782978210114
1.4589460697019,2.55982512283145
2.21600143756461,2.70438257169069
2.61443906131568,2.64640416235837
2.03020450114792,2.1161449357045
2.66113228326979,2.95604509254497
3.39847322948554,2.41114005307225
3.35971733740716,3.24196523856505
1.76461658330863,2.46971613692477
2.81800367007741,1.34579618664038
2.32203140208117,3.16246618658072
2.31646718890952,2.43136341141527
1.26509695061484,2.84915373359757
2.03425014333289,1.39771583159634
2.62051927307818,1.75948274075027
3.27560689948306,3.09461636735603
2.48370652052707,3.06881341798605
2.74082552713361,2.46257734827492
2.41850214805076,1.42510075499292
3.06545761480139,2.38611075676994
2.90266624317304,2.31051471583389
3.1612660930489,2.1524189573122
1.97935626927616,2.54291867335043
3.05381006446371,2.61094862644749
2.85172193083902,2.1392269284684
1.72468888873791,1.7532991581944
2.90972375063251,2.68835610398694
2.15576671564543,3.15904804032368
2.32063869903831,3.06053626638035
2.48507204417305,2.20754982441412
2.84991222609717,2.13493849572681
2.10478400373619,3.03173359368727
1.88294154655373,2.66321743325304
2.68523555506695,2.77196080264898
3.32899702378368,2.51814009616222
3.07733661483819,1.77826696828996
2.50858810753944,1.71697643046118
2.75399851764605,2.58415938489308
1.7752911235015,2.70912622697935
2.23118454014516,2.85227188441626
2.08392048362724,3.55553427808479
2.90275260142765,1.5933548757077
2.73108943618569,2.31190054487341
2.62833407116371,2.66616621008269
2.83451288928749,1.98668678493042
2.71322968096068,1.8175186637445
2.8230338379685,2.63231334317841
2.06823428401739,1.64302788961962
2.80766383234119,2.90367844887954
1.52976604923823,3.02518042542046
2.62216862908729,1.36503194441151
3.32633790306944,2.28101839118757
2.2781626919533,2.90915084783576
2.79683075908593,2.32452787648137
6.24170394353859,5.07756114853206
5.04095515763601,6.05655596282895
4.38288841833997,3.93090856100954
4.78419791396229,5.11036973373193
5.54958017954315,4.84332575877696
4.95813970130312,4.43687055934416
4.79133929898212,3.64828333491225
5.20429933504366,5.3490723643387
4.88551578157537,6.02837036737396
4.9453160958301,4.51049629120775
5.31465010932007,4.77212515460482
4.99653510104323,3.92549437050097
4.49347011673369,5.14177573085917
6.41890041385153,5.12736469635991
5.80705849373547,5.64366461260998
4.14809912000645,5.05110368350657
4.7000232771076,4.20256394540155
5.04088651076197,4.61007688498648
4.9563278271377,6.39524075307876
5.66526520137933,5.1666798205518
5.39144766671099,5.17583603905207
5.34750726584948,4.36299556188573
4.9352937708832,5.46607377424434
5.03887134251319,4.13556567184294
4.89079902056947,5.60475151116648
5.44723499989199,5.75611780677153
5.25251748887702,5.42667477857047
4.71578699367981,5.8652010165683
4.98078693935079,4.683435911421
4.96625187872091,4.04969857954273
4.96353465753355,5.4551871450873
4.96735117234558,5.66002100084342
5.01390258070193,5.27328238759393
4.81412049671593,5.67370526808329
5.2711419098883,5.17956521452526
4.34661557683987,4.34708385825463
4.96620302153266,5.8635843119674
4.64376827695051,4.57615025751443
3.98572845660457,5.27741400928966
3.957728884053,4.75404873007906
4.18588584654281,4.99637864806613
4.67064911972362,6.33828288317876
5.00594910718906,4.70536985418368
4.74028045694922,4.45153031292009
5.02464077691419,5.63041261705359
5.10071447224677,5.2091713278747
4.90715528709473,5.08637754472362
4.97228443892104,4.65209229005542
4.97295714011375,4.50866590517215
5.09333404224914,5.11563849541593
6.24007024205434,5.3721419791836
5.1255782167715,5.17313013933362
5.05091818875413,5.57078055830239
4.69126086334591,5.52050605005487
4.22946566811531,4.47125670184479
4.45420383559664,4.4335879559589
4.87385888532496,4.14297722343986
5.5935242334713,3.97442665277695
4.98299430149801,4.44566518577463
3.37895415299126,4.50306095877556
5.30909613893636,4.64348072487643
2.93973561877616,4.95899452920134
5.39022016917089,4.45797680268343
6.11170478896179,4.44712032131905
4.64031915703977,4.9043837276744
4.93389890707049,4.20637580175058
5.26467755168697,4.35494177319541
3.65538858880949,4.52390156589566
5.41119538841015,4.00356208736529
4.36473375101196,4.68014882771126
4.72801840161393,5.42974008591442
5.52188222630111,5.28024755039103
5.49446641297851,4.59043588311753
5.60471794794567,4.95259263256658
4.89997952337288,4.98861218941502
5.43224787008815,4.91461062883195
5.23658431047294,3.73879994462464
4.94048976959932,4.84502862145016
5.19773277552157,4.92780706934135
5.82698356781701,4.91226205661946
4.53571165429282,4.90250319961224
4.64920549650664,4.16119456758041
5.5292840762692,5.94228606574272
4.2111530714393,4.43526831229061
4.65047046758717,5.90343282464955
4.9980514199191,5.0481923129492
5.62055290872478,5.12014006270375
4.95746572854802,5.31603197552724
4.96321519541999,5.0675749207819
5.98560197596107,4.92190480891573
4.8791974326812,5.71502839955436
4.30431155027534,5.7870824968832
6.02372884092604,4.25068601235918
4.98424738098656,4.59553466335795
5.32696345601298,4.43313382783801
3.92633767850023,5.06240069774906
4.59227046874419,5.45681357115856
4.40379000233345,4.64375555982428
5.22689716827264,4.02253078189954
5.30831144518201,5.6610660812811
4.63760643789826,5.04276504239336
5.61609672607574,4.38878775364597
5.15577414556246,6.16864574028
5.48820720196249,3.45346053107402
4.65349954972102,4.92833459336658
5.01081296046327,4.36912518269173
4.87567219584129,4.93274035199623
5.08503622166939,5.63145074212028
5.42570949850533,4.40640463770539
3.99192809237118,5.59961753631834
4.61604837931251,4.59894072123213
5.2397765888398,4.98076292588464
4.16426935645713,4.97094599565678
4.94864167884892,5.21816026594262
5.33279363196634,5.05478008599982
4.81804392553539,4.23859719400583
5.75220471232423,4.92183158308222
4.70478631673997,3.98730394024562
4.59761782738055,5.2299496365684
5.20791558510799,5.8798892017896
4.64273606761758,3.88828145983537
5.13862833319989,3.83091181023207
5.65632862406223,4.01492511274561
5.68634378216147,4.63877203428523
4.89669237863871,5.61112536057266
4.89349453828906,5.68122586321516
5.40221671406906,6.24721281077635
4.60667348040087,4.98892990508436
4.3692374846377,4.74932419340172
5.77892471706996,4.8924602673707
4.50555060687754,5.21346314705268
4.96046313269877,4.43639875938324
5.19069742558641,4.4351345390082
4.86445324156924,6.20859680838505
4.91820995039035,4.69003795415948
5.61893770044872,5.72543343773272
5.97226152723008,5.76966254765946
5.05021176818972,5.67289321594568
5.60567920141299,4.32194420834254
4.76127656310002,4.90220046691311
5.80103094340225,5.75782077777129
3.90609191001576,4.93880362732307
4.73979663238165,3.8176240386637
4.69737210099373,5.27105770892378
4.26936760193077,4.15996728363129
4.76506164174339,5.60497057053236
5.45545174188489,6.23326476761654
5.98215696790059,5.4795542668696
4.56511071523404,5.08722198750344
5.01832668900051,5.99232749098959
4.95846304235024,5.1363994305477
3.95765391255125,4.6457109424538
5.72965579128806,5.13988437072064
4.98783376798599,5.41503017786613
5.26167230908506,5.02109256492073
4.59643484615769,3.75456518881015
4.94366407355612,5.38946742628573
4.98694054589357,5.54600156414328
4.92785280480504,5.06104508741536
4.83504346093255,5.49570763316084
4.54024990291903,5.37986958798657
5.50315606044748,6.39496814742938
4.74953569887201,5.08312243808819
5.01330706966748,4.45716672292296
4.08936352968718,4.77931661768899
4.27550144468611,3.91900753431739
5.37582470178596,3.86458948031732
4.15656228711983,5.34173103403819
5.17933096675493,4.39410596982087
4.24161319235635,5.08147626897577
4.46097054065279,5.05404909393833
4.99859714441528,5.58353556938912
5.7311781248758,5.08844294184161
4.76096495162615,5.05228965598835
4.91826751802235,4.66118129478277
4.87566396530899,6.21073149879377
5.31092280154964,5.70724388288709
5.24618383315648,5.78198965190122
4.29793352412156,4.35218225653138
4.94560227860895,5.29255501446198
5.42193818893602,4.30627808832472
5.07639842721053,5.14640960347196
4.99696271662726,3.74215834455657
5.57334263314463,5.94934718446748
4.04500623601021,4.66711393467228
5.40408212220724,5.45614938176984
5.2802060871788,4.61372503317099
4.42494245720575,4.80279224974079
5.4029703156495,4.22005473906138
4.44173945669754,4.50401205051528
5.31020799984369,5.15362664095379
5.29196962578875,5.23812241448081
5.00063926000973,5.26672975750224
4.88052999730451,5.46527534178111
5.3352075540476,4.53158710635305
6.13897851365847,4.97908587765924
4.01740209350336,5.80472074489844
5.78960414709918,4.43514357026971
4.65502860932221,5.88871110046367
4.65224315558452,4.94696694018875
5.0668352826517,4.42586108246407
5.75421060226905,6.35741847487612
4.99834802742294,4.85012788322944
4.64286131931849,4.6182079895667
4.97436156184888,5.6756463311452
5.26171637463127,5.31738234526729
5.26528323697132,4.64067721796525
5.67074339281242,4.99779412957934
4.52191798000073,3.98640849205821
4.9344840561602,3.51315934311791
4.36612450582056,4.83821209726843
5.41166982718403,3.91999645763721
4.48505747775225,5.10344615102164
5.10666438866098,4.18737094092689
3.7091225019063,5.36051598523855
3.56580595818993,6.20030622260369
4.94161697920282,4.02787461510773
5.07028781015589,4.62552768767025
5.18048282851237,5.00800034637139
4.63607116345521,4.46139568160989
4.01921008349939,4.99616483777277
5.10972701817479,5.37219272475051
6.4386541387129,4.67341512732984
4.00275913771051,4.77967276778042
5.40383513031938,5.16739554135574
5.56260642568546,5.29064027524471
5.31559767519143,5.46193207428814
4.92003252164253,5.93326094389282
5.06471349824393,5.58300615052403
5.15105926208207,4.60723116499002
6.47161148334457,4.1253044969308
4.48946546454408,5.1530018207484
5.19790519229667,5.35874702552566
4.45484804750346,5.34252574890707
5.19411957283162,4.36850078820703
5.36303709512474,5.51881610925199
5.18203877889973,5.49940541395163
4.86243460670545,4.50738757307892
5.24121155878986,4.78723296158569
5.29838800304027,5.66019018472707
4.661657085873,2.95446959938878
5.26761792430695,5.10884853868178
5.1789631712215,4.52421835130364
4.81973000899744,5.94320091630945
4.67093547858496,5.18130961929127
4.32505067620569,4.50319618120314
4.81978635663953,4.36342089409341
4.09590034422758,4.94896260587984
5.09907519223056,5.02598737547186
4.85388127023434,5.00972910831131
4.69585735880974,6.51428550282735
5.02334707708629,4.44046880545863
5.69116162751863,5.24712581435013
5.26381316285324,5.43591049535519
4.66836707628639,5.88785185810886
5.66550428600606,4.81318961104877
5.06099141667632,4.88318103035866
5.0909209639905,5.77517761749189
5.55975788304586,5.51939271312456
5.55841218014168,4.8360144154915
5.54986957861891,5.10316555603741
5.42443182527397,4.57150897764027
4.41527020917323,4.45745963283595
4.75071889038265,6.8003082071912
5.32577957352016,4.84650522216127
5.99854363806153,3.9625695561173
5.10017813398544,6.00618398549059
5.13242816598349,4.78712426334507
4.96229050558989,5.83076317954252
5.08871052840296,5.49214850303729
4.9019238184219,4.77870287732348
4.92687319988721,4.84148064835253
4.51626939103477,4.26372362728122
5.3425604369261,5.84745168554545
5.66715418595715,4.10521586701716
4.7593604448789,5.66185367489504
4.69307084692524,4.41100248429487
4.74260656134403,4.8904231243066
4.03778607672595,3.80458173288085
5.09734857083046,5.55129099814188
4.16255187013332,4.12223355202423
4.20014007877184,4.86869693557589
4.8365138791458,4.90089372191219
4.86308649846206,5.65827723154294
5.46155882267146,4.42506059635715
4.3107468150139,4.97329448419571
4.70649614172929,4.78956208089222
5.22725153708878,5.06279229785393
4.8467007386065,4.72284745942689
4.41878728017676,4.70624812167031
4.66753346375138,4.64833838685787
5.34728472942006,4.33074022956355
4.73353225742552,4.47901024858517
4.65817253973145,4.01494804184755
5.30770823655085,5.08632379305788
4.3480622922492,4.99736894348356
4.82784250753603,5.20517205850681
4.15995069545177,4.66159315672994
5.11544004237971,5.52189684461549
4.92646659981596,4.81624582077286
3.80988111545041,4.30033389715209
5.25211366186209,4.54918092000394
4.32277782390898,5.91123418247656
4.64763428445139,4.91785639588815
5.9561275278232,5.7410096768425
3.82957613760193,5.37280928162183
5.37919920342627,4.63320644236659
3.41006833969023,4.69545251391985
5.02285938968763,5.48448214423252
5.75436201353484,5.42754242989448
5.77364912988403,4.90873378385408
4.29095037992562,3.9297928556985
5.34037021847528,5.50972924257001
4.31457090563117,4.38426191121929
6.00087003362683,5.59508203881896
5.01396864472453,4.37193204683193
4.28384474315812,5.50341170894933
4.88031497105713,6.55114490310861
6.14537750112518,5.25697781593602
4.24890467813813,4.18762718041749
5.24881003694665,4.98635122659713
4.92715257941371,5.2467846837617
5.18301435375201,5.65163437539376
6.0472415179142,5.32079950776937
5.18901209056103,5.88523788170095
5.22293791987123,4.9426546003075
5.47839430259182,3.53642825889959
5.43176578603281,4.9850298837827
5.23050746493093,4.73547083823599
5.44829304134602,4.87046613687212
4.27028095110387,6.05989194397333
5.07854537332585,4.45365365861739
5.4102069304397,6.04067615332188
4.87163570541061,5.50667176323565
4.72764299798262,5.17857472863532
5.24274237793934,5.22583964985277
4.59339874957882,5.99510944934518
5.4313700697379,4.04220020835922
4.80625746010443,5.17687292357418
5.57297259328475,5.62170334524445
5.09016882074524,4.74863868589672
4.69481925645178,4.85768666323377
5.26068514596871,3.19142967530138
4.68769323744861,3.84785162539163
4.91773194240327,5.39911924843434
5.02780216450577,5.41828010921286
4.78435991265868,5.9455749930698
4.96310698565844,4.5623621792232
5.23398845851993,5.38327844023801
5.89195240018993,6.13480561069402
4.68070618160094,4.97736970293045
4.75284639586761,5.75380548605398
4.69448173638692,4.66059491844789
4.69159078428312,3.15799906211156
4.98712935355572,5.01212060855965
4.40663362997222,4.92303682736539
4.32456268567838,4.82339564340573
5.71030028936548,5.27468557250296
3.7172672581822,4.84715271876044
4.1418552590522,4.96254463415004
5.02531344609092,5.36938739400559
4.37974654198326,4.91044170271642
4.96761819248615,5.63445728719443
5.47806667647409,4.16540820853574
5.55890102086836,4.80492775893892
5.29998612701614,5.21156717284038
4.05517204847386,4.81055010569957
5.00497611557696,4.33503112802265
5.81778269321337,5.62852150509201
5.48568371187862,5.94925473425832
4.88302062547216,5.98057484000055
5.44483370958464,4.92483091205426
4.19405786865049,5.07411195350515
5.64374128041489,5.55424917555993
4.22540284624988,4.68660598088477
5.00357508453629,5.71550958677081
4.473260629555,5.23987348546759
5.37155714242021,4.68058877415613
5.02283091138164,3.64045893823487
4.4304884194328,5.23711449933418
5.04669724714757,5.13044878314343
4.93083894564559,5.34215413205393
5.51409543063192,5.65891198438086
5.64007197183953,5.29512255636393
4.70345475300002,4.83554093814799
5.02541885137648,4.92560570523496
5.14851208075054,5.39482917971862
4.71807587804914,5.35524283774702
7.04243489607251,4.03592607290721
4.84457201498331,4.10796045018447
5.21253175902493,4.98431199219779
5.32528254527711,4.76397902162847
4.6226603424334,4.58133767085988
5.20727609892063,4.80004375335264
6.44769484437719,5.12861171149595
4.73038458606311,6.0858229346686
4.79673136756263,5.31926024988972
5.75275131495759,4.40091992067442
5.36143340013458,5.08957691268786
5.02369169697464,4.47341617366938
-0.111112456598218,5.04952421561639
-0.175282468095634,4.76631122416697
-0.273478627887949,5.32173989872813
-0.0363786294636414,5.03667774775262
-0.221687006139064,5.24785955693455
-0.949450670613047,4.56375423443127
0.172408632672825,4.44143374330052
-0.163269329897853,4.70891246936306
0.610126634186622,5.39865331040845
0.483645930065039,5.31159745698786
0.456173326861236,4.31087210046176
0.724713173431541,4.89219447348049
0.598760689190184,4.81347356913903
0.531807378928917,4.48847530091592
-0.145496016877292,4.05930112915283
0.00899782333464997,5.54967746280566
-0.506627915367405,5.42983931688118
-0.470151243562456,5.12584232493243
0.261850243019539,4.06624937493913
0.4168590376731,5.73781903910202
0.531513785028839,5.39838178685245
-0.372382908911264,5.64998384136136
-0.144231960704712,5.50967275567754
-1.00601751611972,5.94845247775957
0.268405150122945,4.44234647809677
-1.242009510527,5.38441284589411
0.23032703076428,4.95336675605641
-1.61806454828428,5.14992908542737
0.766583544340331,4.15894887063313
0.283781066296412,5.46774558940748
0.433809871022217,5.30923849168881
-0.337787612827733,5.30547387810681
0.446063390215557,5.40562714121272
0.707255319555315,5.85087510937795
0.00894168564302681,5.00348797849186
-0.598221599817131,5.21876205904231
-0.200945702941181,5.8916803590877
-0.198037017048544,6.05769958739028
-0.546993186988375,5.45001572798348
-0.122825335173856,4.9807704525492
0.662263166573836,4.85911532505388
-0.811510929344754,4.94739547652203
-0.183059325151646,4.38716255724894
0.7609863638435,5.16667059601335
0.228441928118255,4.44196552329339
0.120207877230952,5.03234700531888
0.0768881123326572,5.24599809448735
-0.194389489336364,4.73530211614649
1.26083843831193,4.7158381326333
-0.657734450586768,4.61862944715632
0.274313662044947,5.03824389055826
-1.0236523933005,4.8488451060196
0.45610890524517,4.60639758454102
-0.573251923075328,4.73510441998821
0.518286472024213,4.1644768236955
-0.747450051244052,4.32874062372703
-0.0409518463430414,5.04221332964883
0.195881924295779,5.02997318225194
-0.428811926961512,3.91998468422614
0.318671175126482,5.54475013463469
-0.633822705507418,5.17422673149622
1.40551322075046,4.79594144114034
0.210924725620644,5.52298362419374
0.339961364451413,5.04751932922106
0.49260071021011,5.92515961377302
-1.17778384157365,5.08590538913814
-1.00058954246213,6.04160853609426
-1.36326091931753,4.00168592309319
0.602177053487661,4.66325209529545
-0.290204206348084,4.44037542840974
-1.66220394380304,4.16672479827654
-0.55513722455958,4.780777641911
-0.671971308122821,3.45984718983062
0.961292983093212,4.88354444984322
-0.400592471337857,5.42565894484744
-0.1523510096117,5.74716336280155
0.0956813320266293,5.20585808440609
-0.618003641109677,4.87499443782371
-0.0444688986933258,4.90399128713358
-0.0878205015261235,4.40034910745878
-0.100795935414498,5.96996930250058
-0.111007851890099,4.62456634691283
0.301474962967873,5.71775695931311
0.54046229437808,5.51657124045558
0.972064823844678,4.92586079757725
0.320184476317119,5.46762191633217
0.594807196332253,5.6393604045302
0.605761116576296,4.66223365431409
-0.755571609327938,5.21338273376262
0.913781318169218,5.95719267420567
0.121968090677575,5.2350755955706
-1.1554445157087,5.82205245927709
0.768263117980262,5.42439378904433
0.481556434338532,4.92677271354979
0.243236695432097,5.3003552223372
0.325311147711504,4.51083136080031
0.444555776092176,5.00984903422718
-0.951196091493141,5.29827558077738
1.18999495183155,5.61565874588945
0.0964093921909819,5.20752663652524
0.348570510771597,6.11315065274077
2.03074290372883,5.46366705686456
-1.85671742850675,5.93789081968186
-0.286785494559188,4.32544131165003
-0.130442545085571,5.14372357333628
-0.402016204482159,5.29358224593572
-0.897830469178129,4.79012217028339
-0.0504798107795572,4.75307137548311
0.177001534961347,5.41870865625079
-0.846986131915839,6.19772903646227
-0.109691906510106,5.41236655086354
-1.07846687852273,4.62602575395756
-0.057547182842462,5.76399197268495
0.0739694235216199,4.81314690398129
0.944032845651462,6.12029030301268
-0.135518576104419,4.39290670574879
1.35570287597479,4.7644757538101
-0.838077719727241,5.25611582184664
0.0869615805850884,4.83297446148731
-0.0491106054708551,4.62364962304424
0.0389430969173283,5.21516620185157
-0.701503704461785,4.56464705922072
0.0682875420638075,5.61324581028099
0.212737458180369,4.1008704631906
-0.804473303019554,4.86771226777786
0.215641097512857,5.47289609890421
1.16989611699984,4.72075929552672
-0.42697795416756,5.23822658997591
-1.05996527311985,6.18037073129635
0.651806958297468,4.71110086946473
0.492886152794082,5.57669554514079
-0.859741334667625,5.18067549257434
0.599393011462768,3.95531031042122
0.746522882489498,4.32156140061399
0.466925937569247,4.55033923965009
-0.668895981134961,4.04254436161758
0.133347971339563,5.25797702755442
0.866425921967212,4.43558497293841
-0.116240580519154,5.43601546494913
-1.59393451763973,4.50375928182522
-1.33454690934751,4.71955821727259
0.129473997154841,4.66606751883824
0.601023260191443,3.88556358987778
-0.301681288845285,4.53670557198325
-0.879037342560417,5.52454007540161
0.94314788920398,4.06431922465791
0.540076131934271,5.15107402865034
0.0972157697134056,4.31673323571381
-0.729069603153283,4.97391335630155
0.276082891951276,5.15286517650306
-0.609661243663886,4.62359740661725
0.576609703448144,5.04044535285373
-0.569022260204636,6.05514482836934
-0.0336861073071302,5.42342126858192
-0.386491978429901,4.99131176415855
0.536492456687636,5.46154313416592
0.930905201436017,4.82621184004103
-1.35858824093602,5.08948745151291
0.64418393273897,4.98747890065908
-0.526445912083999,4.35111464586272
-0.482606739794487,5.40823426188528
-0.481030552439691,5.80259957104002
-1.09389384261605,5.38596901870405
-0.271139720807272,4.22972437614787
0.11027566697802,4.58007148272151
0.40889764790804,4.61513908254162
-1.11643871310195,5.53793713430838
-0.267658522690996,5.43984686209541
-0.0752318121631299,4.39707994417402
-0.95165107533773,5.60323135837865
-0.302952071828845,4.51511490288549
0.24614228670613,4.82473155346607
-0.122921458110547,4.93693822151918
-0.32142558866605,6.27237450645493
-1.11066503001201,4.982026213811
0.6263366639115,4.76527870917547
-0.481868388806517,6.32469199092709
-0.472440756374146,4.45254208889844
0.212593330735295,4.64010523735166
-0.948471722303309,4.58468046223534
-0.504591388898872,3.24242812337914
-0.462140884930575,5.1242206020922
0.568685113289562,4.54111502402781
0.272431079775024,4.65135562844369
0.549322751469899,5.68143756396598
-0.286927062278189,5.21007175369353
0.582264881441055,5.76626535828675
0.390252617924007,5.7003449998804
1.01561499957769,5.56745312607558
-0.073077179379906,5.16012766234446
0.541705313504013,4.79103990254912
0.104031607748555,4.96974360654129
0.0338115369750302,5.6094951263012
-0.0308464475139904,5.86961402355326
-0.125203218949962,5.10366651887906
-0.525480645803804,4.51290847631618
0.0907362510236936,4.42433439720171
-0.800036827290571,4.91085454299659
0.0504838751161687,5.98546738730448
1.09731355158175,4.61546172864369
-0.950292175321589,4.95877543211215
-0.550786177584935,5.13283464297283
0.513791705666169,5.14071134878813
-0.457965768497004,4.17647913759192
-1.04522591740225,5.16194210783149
-0.219050764923064,5.90354671910321
-0.636469184742704,5.0639221671797
0.545449948962539,4.42931607689997
0.772460453125625,4.88592863700201
0.254938338079977,3.94379998650874
-0.246037557927049,4.43047721370485
0.36238968709037,5.86678579753662
-0.0731288912270856,5.81502511697237
0.33816232054306,4.74064198444098
-2.10082288060179,5.0759778619801
0.0852460192434869,5.39562958816287
-0.00063360141740424,4.99204191820741
0.0586979714957363,4.65762263920945
-0.438444380750001,4.88971211503221
-1.2410194324922,4.14782762845547
-0.692346087423344,4.00235043130674
-0.139290481255677,5.04606766528179
0.895928565734441,6.71020775678531
1.0709949639871,5.42281239852946
0.545341528585159,5.25691854616727
-0.0309597683076187,5.34721517563198
0.394486964128086,5.32519403250264
0.970041662220506,5.45600215294755
-0.578985463805202,3.91320681892028
0.267203866197947,4.93542213904655
0.235159216086966,5.37013050269842
-1.23798622806977,5.36067535250567
-0.581346700639019,4.45528791415999
0.895713511380248,5.39151201697426
0.176845819213116,5.19893749885737
0.300309373117931,5.91446553107797
0.807834923217713,5.38487108786812
0.458989817868593,5.65815503366197
0.468437918618002,4.15272856446837
-0.446680337639878,4.25263523982304
0.0771841950577989,4.79551766201331
0.152181921345117,4.52204911597463
0.469923513043728,4.83087312758128
0.330019026479322,4.71780542469055
-0.476188770775178,5.64718337198928
-0.674489003698708,4.69485599357741
1.10172516246563,4.39398554752144
0.674029949943977,4.75078123230938
0.243229397012813,5.01381086472022
0.371833122338837,4.2875285303891
0.260042943727605,5.17068256830114
-1.73918114772665,5.00671706576192
0.123031501075569,5.57145901300275
0.379635449964257,5.32910992707843
-0.753458966594732,5.36644995787538
0.351416457890793,5.25221863945778
-0.140995349295935,5.87780105577951
0.360163131957941,4.50085243879904
-0.602410701283313,4.59337555968806
-0.447925237303503,4.82844741378551
-0.388014869666124,5.78659642117706
-0.852369590781043,5.25160784101922
0.228724965080545,4.73354981170202
0.986043062379515,4.62604575046632
0.227743551234729,4.60111829303857
-0.899254476320591,5.213406962689
0.306234851182189,4.32950426379799
0.354909388822263,5.21405843513391
0.339160957451737,4.56380089931108
0.73963733872358,5.37113242249445
1.11985153600385,4.65465074599092
-0.548743684531018,5.14950732508256
0.140364710521066,4.765123139683
0.103950121973918,4.57797546636931
0.271811259798645,5.00140893715295
-0.300493696373948,5.14513740128536
-0.0196926026146261,5.40070773796202
-0.586665322622828,5.8418767800681
-0.317654936975668,4.7396666359804
0.36412936531126,4.79334726152905
-0.190603846923936,4.12970715936625
-0.188434547191206,5.30168963854689
-0.218565871275426,4.76979657358508
0.177595442777704,4.44451105570357
0.931773771115675,4.14011746939746
-0.968585666654169,5.23868533890104
-1.36576500694389,5.28834957585821
-0.992596299580623,5.91174262376936
0.244074877117791,5.13072286053589
0.0920251697105098,5.03672468006898
0.69095888441705,4.46871791439878
0.185186727259289,5.17282866780928
0.688390012310967,4.8703324517536
0.20896197361405,5.63935563702735
-0.840504179768549,5.13857852423152
0.141445887956774,5.86884619467475
0.0900239592777359,5.33237345839502
-0.343236663725604,5.4539449608656
0.448899943967083,4.40502825954557
-0.815095401950247,3.88914193961525
0.00116505271286801,4.13454772440554
0.235387803529141,5.82824960443064
0.588350658109502,5.05043686157274
-0.707494115516483,4.89348137213046
-0.927238867655505,4.83717011286497
1.2154435029596,4.58261742183626
0.0523676647012234,5.31887510934965
0.724141416641663,5.38375162614163
-0.310487723792409,5.32166364467954
-0.00475023646702077,4.6178704022927
-0.460314542125815,4.34519777245502
1.00068047677099,4.85003473362103
0.318621665821599,4.09837743593862
0.52656447398592,4.86846634573395
0.534691849593222,5.31219633810204
0.292467066194001,5.04939986992346
0.557272951686541,5.10959112378135
0.503158934876073,6.2837253642426
-0.653913122233254,4.70250670032495
-0.371430655682854,4.8921834216599
-0.263988067643234,5.60605691984263
0.297256103349523,4.82016343324496
0.444576562777885,5.27888446873762
0.416159429740879,3.99169645143416
-0.199009726073373,5.83441710996721
0.531994705090957,5.32394149724092
0.207304507920059,5.14669974771682
-0.10999611568417,3.8603835262746
-0.330066611191598,4.88021743859488
0.0876241450298284,5.00534038712314
-0.752581965801311,5.12083520552517
0.576820110647772,4.82725799477338
-0.295078430975219,6.35828900868049
0.516464537129778,5.02394821472213
-1.17223938364558,4.51513518454846
0.424675880780996,4.98861307340014
1.05979670237155,5.22261969473937
0.252518019400785,4.83288619246533
0.291557257743584,3.64050329514593
-0.382949826501269,4.79434500917177
-0.739899830761971,4.86514716937775
-0.0379055758479102,5.06691011195552
-0.769517373504499,4.92695138534231
-0.245293634647556,4.41921580756006
-0.78797831566447,5.61694602685693
0.525204325614144,4.45435680463475
-0.620283996747694,4.63314526817703
-0.278022683347699,4.56591107937875
0.171062255459775,4.39520196479526
-0.621240544496297,4.11547387801948
-0.839992206303636,4.88254403969565
-0.640893681130064,5.70483582528276
-1.00248410207481,5.29256589891413
-0.290074322593894,6.35600481351311
0.840409665648894,5.27625498073849
-0.840418547446024,4.22435114166613
-0.294621746589383,4.66431027752389
-0.0280492274382378,5.56271365398293
1.15098567230184,5.61915117470047
0.0920629722206949,4.04654272987991
-0.0910754450182513,5.94766402965437
-0.369859382554946,5.24991772476101
-0.0722700170073488,4.21679437862734
0.298914121392944,4.4545450353539
0.285437402935511,5.45690207276043
-0.0355094451619313,5.26974258154609
0.00118336080060857,4.82135742168329
0.895965812706162,4.54174057266244
1.13502118964217,4.1969461154079
0.794834368458458,5.80871954335227
0.201956963633881,5.17253780188666
-0.115682383765646,4.9751411127637
-0.438203040202861,5.10205398327501
-1.19715303881378,4.31020945002382
-0.4971037058385,5.03115242557648
0.767169004679602,5.24257020759203
-1.57021008941479,4.72636957233592
1.23550117233333,4.90648313968497
0.214963056627107,4.65043571617149
-0.130019388753597,5.2792741794618
-0.62744097546317,4.85852636350961
0.885545927409029,4.06513377600776
-0.936987647848526,5.3231785337216
-0.432468817241615,5.09379361757552
-0.639159761379177,4.81210240917655
-0.488050746969689,4.96959819371479
0.691019032070153,4.55236288688853
0.0788318016136482,4.79036019012729
-0.377657201346398,5.72653598488955
-0.744208154046822,6.3151472596168
-0.772109091598044,4.00337578297834
0.381237926750878,5.25852843777143
0.28516976532227,5.41536224614513
0.00459076063686698,4.55792047145865
-0.45052820790093,5.05947019184353
-0.285413490675395,5.48277856536368
0.143661838422562,4.8811499265806
-0.56116366589768,4.81275850799172
-0.283989525980892,4.21775813031814
0.754854482736853,4.44623936667918
4.51153446811759,0.082863371981976
5.83351297576307,-0.316852743509638
5.23750993240109,-0.491071147360916
4.08945594547979,-0.0697485186352309
5.37954860508523,0.738140739229775
6.66893849560771,0.271197562009325
4.3894035549186,-0.500961840036942
5.39431756964814,1.14227254603604
5.31740693150895,-0.765356793020454
5.52944867382255,0.716761916172321
6.2984170544784,-0.11118207790979
4.01661282852923,-0.326324619194023
5.04846549297115,0.566729342075865
5.15160031273572,0.618558999123826
4.62728052292322,0.23049528261821
4.91138795237439,0.913407768056787
4.57964440426369,0.117257589291195
4.30067642978708,0.282148702246556
4.39213617297322,0.433531825134572
4.80398723026636,0.169066196992869
5.42521702545848,-0.500631123211344
5.41771384217715,-0.631461699225038
4.78749219822514,-0.201051634435078
5.41061729144576,0.817220134102236
5.21466930520104,-1.24644424990613
5.04413311195221,-0.0354287706937081
3.49601670841813,0.436019227826195
4.78477741216349,-0.316174519182642
5.65144119164938,0.165067813180564
6.57499227151409,0.185246984258601
5.29064830703314,1.15519424105782
5.08184875701224,1.05304728340384
4.71333741456634,-0.0667188205302633
5.31478060484361,0.924354447587586
5.42317255243968,-0.444530139518853
4.31507321549428,-0.440763866239989
3.94811845425104,0.0617651198444253
3.85071336763648,-0.251885071582248
5.44035213139211,-0.046646095227681
5.2173160406156,0.863879272490396
4.75156951834483,-0.340744473345269
4.96739063992236,-0.351071988903974
5.74296629670587,-0.172511156823837
5.80820152133346,1.32510533337444
4.73524212373417,0.243718650968886
4.38401454885429,0.459836430732767
4.97827267211227,-0.433895413601709
5.02332564075124,0.398249645557003
4.99297370643503,-0.153083400608759
5.31926278369584,-0.791258665698891
5.07601234875973,-0.242462733088456
5.33485385662625,0.859797670651676
6.397518405736,0.285721558649506
4.12367636700458,0.18045872286448
5.71502607067374,-0.512186364864316
3.568275091754,0.0586100067805206
5.23912175228008,0.236109360725778
3.96318403695965,0.573572069209308
5.45958659416774,-0.39080941413973
4.95333023014476,-0.422564056385319
5.59680623286261,4.4798765359153e-05
4.67284322458352,-1.43313480942646
5.02929966018659,0.229760259611699
6.00594481343897,-0.267029887857745
4.50075681516235,-0.462947526196921
5.19925413959279,0.150964259063887
5.0294033996168,-0.182833441076355
5.41386819379142,0.746909366240771
4.8641005492747,-0.683136017298751
4.84913774171056,-0.18270049375337
4.49801942382309,-0.094641394748089
4.77747617840193,-0.207025072704389
4.87085449330757,0.176697441638892
5.53523510685478,-0.469866357451386
5.61226738959096,-0.208664434886841
5.38355805414459,0.427651016488169
4.64694578340438,0.468837379167511
5.41884368681984,0.422889353780207
5.03282459971162,-0.664513426274273
5.51558126641504,0.955557842471138
5.9383455763669,-0.392318264595444
4.8953095186386,-0.109228274808099
4.66660642343242,0.168270461230576
5.33703359397653,-0.617236406377238
4.84256792009622,-0.336608721117562
5.21473680816724,-0.426038530897697
4.84220577886519,0.563652612149926
5.75175733780677,0.662702361073062
4.21737459218944,0.496234439976868
4.84807248786814,-0.619669363317509
5.44732150147848,-0.194734947584625
5.5730610731932,0.678050606573757
4.978230589123,0.222658949968721
6.20700291211291,-0.509392841462849
5.84641662032685,-0.770793787141648
4.78401398254802,-0.131922961441916
4.57914975176434,-0.658827173539866
4.39452286155015,-1.48843667463184
5.2845913383934,0.690558754885001
4.52838007483341,-0.843819793417886
4.47819008943189,-1.24483280546743
4.82977387951559,-0.0327931564821546
4.4043062082543,-0.302920181330125
4.89331683653551,-0.234469611092539
5.51370209877891,0.626294035422495
5.21298293199415,0.540040319267628
3.99686837146929,0.476826248235713
5.80206640976535,0.762852138399423
4.86058061226286,0.366487054448375
4.58563800504928,0.641888278404406
5.48941115776283,0.709893222391269
3.98870489631709,0.0296806798551377
5.8090288792907,-0.535974627294666
4.74365029857633,0.120721026264135
5.40503138868325,-0.0960843569322541
4.43172356244928,0.0588545316575058
5.572525695511,-0.970125430283531
4.24613064720308,-0.512308966803076
4.74543179425757,-0.191952424940045
3.9104322826003,-0.701536872316452
5.26135033014231,0.0444389884722203
4.65470039182837,0.094063935139224
5.18609013428339,-0.0189074790997904
4.3410299179456,0.467978622414475
5.12382543193268,0.429759682596206
5.43616159722424,0.519656112679478
4.65909227412974,-0.115454801036282
4.43130889821533,0.551954015194077
4.63060897317102,-0.637219224470159
4.79332682541206,0.377263607287252
5.10456520057101,0.642622245452878
5.82344074334568,0.501910486065368
4.80849735421127,0.723251932746941
4.5780064087033,-0.402851947484398
5.24085789575982,-0.717561562146825
5.10898860291836,0.782748461444099
4.79092589492306,0.250642152353675
5.66506679648965,0.108833934914421
5.72769961522984,0.100550758428175
5.49384497743372,0.281795891377364
4.78827614054089,-0.685684325467261
5.26809151631813,0.599280488611452
5.57361257682429,0.333804337601619
4.60098096303977,0.16160697553946
5.23733056723164,-0.10499560056625
4.38490181997831,0.331477048531924
4.58017242672661,1.2009696750812
6.17991927183103,0.283639771384904
5.09472470164714,0.251280721357039
4.53394735592977,0.162426388494862
5.32449748557629,0.36827982759295
4.72538282193963,-0.572536014654698
5.61487404876571,0.50361356927942
5.34994545952202,-0.537031045339815
4.46328099344925,-0.5796456660028
5.24992024365754,-0.0239747577589683
5.89027893845053,0.024436610223663
5.57320874538404,-0.468485322596222
6.28676046170086,-0.818416649589258
4.73565064938116,0.600725599852187
4.76184667744059,0.356587048774185
4.7197734319067,-0.257212769395984
4.13203819357011,0.422634917694011
4.76617723454906,-0.301058926989195
5.06065871643844,-0.207095509234932
5.0099626056289,-0.0633979935013621
5.27546201237137,-0.189232669463346
4.8163872264782,-0.0800552760945264
5.47204570477653,-0.310280380978035
5.41491383867647,0.898521311599006
4.9525417370083,0.845913114143855
4.96698189014635,0.0122802871209235
5.17308095685878,0.752125703246231
5.30043836652315,-0.393926306717468
6.07702475105871,0.755217704409137
4.9156390086748,-1.3647824662217
4.16419507095809,-0.0627065124505275
5.81006231896025,0.246134093165883
5.30414850723558,-0.154073251949128
4.92266681086477,-0.343251378976337
4.59321046455924,-0.0855429422630648
4.94048707830652,-0.296032306705779
4.49807702271365,-0.233092677217555
5.56403392397728,0.215187790410444
5.57509898985781,0.383223674201141
6.02904917233138,0.142249486717552
5.45834225680793,0.20902733944644
5.03577348935605,-1.01414354301291
4.81034756961124,-0.140690490838824
6.29529863351391,1.01861445607382
4.58804417253833,0.357104202713307
5.69714458941405,0.355117438574239
5.13547979977361,-1.07557288070959
5.30241000561268,0.575184764227864
4.25650286210017,0.051046546273081
6.27855305253038,0.14118452201564
4.99025052681546,0.249273271397225
4.82351821983194,1.27158654139402
5.87347335878929,1.13643388826011
4.39067240305885,-0.23118766593846
5.05401185517813,-0.135608228561087
4.67408820136996,-0.698220925788376
5.42849252347257,-0.630360408800932
3.81151430347074,-0.108957501761129
5.20695147124423,0.57446899812671
4.99886830124767,0.784624210245671
5.51867878328953,-0.363946473533872
6.03894494881617,-0.403390133368601
4.81071263186512,0.33892568295635
4.05815959086376,-0.345924895244172
5.537610853419,0.133165381608773
5.66226280365874,-0.910864126461447
3.85701423396546,0.634158615814132
5.02172419697508,-0.135930927624572
5.2345833724971,0.710256221284549
5.08203592336996,0.153644228718906
4.95567258943466,-0.0706456872413276
4.79685067282657,-0.149237054297749
4.35970982413184,0.563051595886031
4.8140970311072,0.281704197763741
3.63432085704344,-0.324642763937592
5.22256773537132,-1.06361088473759
5.35084372058575,0.85250116397201
4.73491515916349,-0.854463570597308
4.45717600086036,-0.706470964315284
4.81307500450487,-0.361797023586603
4.26948838029176,0.149531436820202
4.69257980525365,0.450550273125393
5.49992671044266,0.173120995157683
3.6720058335651,0.341768875142347
3.99181609916934,0.383148195714766
5.58847215510488,0.695864961831852
4.37791181990711,0.542200342105389
5.55746186381782,0.829581155632241
5.33269151425975,-0.962049819532043
5.38775476785717,-0.252992698710179
4.72295939449613,0.615594431631413
5.95416081713918,0.135956852266189
5.26291010405122,0.334086124440972
5.80927998794185,-0.928805355999854
5.09739323312714,-0.161214863790499
3.50326735169964,0.569660311258317
5.24101130786995,0.988226214504439
5.1143495015825,-0.361455025424755
5.55283456918929,-0.589072097300478
5.97663399667783,0.20946206141709
5.15347734541835,-0.301970066187539
5.8407377213212,0.172751358979938
3.65299850776152,-1.14262127554354
4.49564112247841,-0.459658676897993
4.67907477139906,-0.463948236455618
5.2133864366972,0.0873819282117142
4.77686432533022,-0.766207669243913
5.53303230596442,-0.0966846833680439
5.52906430342664,-0.276111402965584
5.66418931205068,0.928493431751438
4.7323194987423,-0.12059072652011
5.42190349299242,-0.109843335477498
4.01006171323021,-0.624153796331248
4.27626074108618,-0.324163174671006
3.73211761358868,-0.335862904191311
3.63268330459271,0.648364718988137
4.89345381051305,-0.390042544916131
4.28873388463711,-0.470646831102946
5.60037322980367,0.569975865752218
5.61484101369719,-0.0620602469481943
4.95012444532379,-0.470352989298495
5.3343993756544,-0.342672766719839
5.655922544859,-0.0310283799580671
5.36182572130766,0.0167366436244349
4.63998430387783,-0.36071111634502
5.5459437551739,-0.237810903966256
4.3635114177778,-0.162079143205799
6.23545415640417,1.122252667967
5.55953692731773,0.566862331253069
4.67842107590538,0.523743440032381
4.90543914488127,-0.444628108960659
4.87145525689652,0.0882223410272794
5.6721719191002,0.140143706791784
5.10998594777648,-0.998225038879939
5.00554240257736,-0.738566726585184
5.77574913275065,0.695724729637626
4.22218516887087,-0.0695224802088954
6.09673405369076,0.0124515364418998
5.94422890166604,-0.0645418657946514
4.50557724746759,0.279711767932974
5.10715089691976,0.0977424244147437
4.74889500377979,-0.253377951643533
5.15535505975822,0.0949322609490706
5.03771405985303,0.18852360572585
4.84227874170819,-0.158479350214262
4.9080313568115,0.321537347201071
4.68835647389917,0.0325665157162335
5.19256925385078,0.721232549408352
4.75407435044665,0.162372984291458
5.17658096696489,0.539690254868298
5.87810665355263,0.15183774490921
4.98428323449814,0.013830105511698
5.26655745492207,0.0661377968589884
5.54641425381709,0.558161573081363
4.66980080646963,-0.661544008552325
4.37240857033264,0.243686808681765
5.47900742797844,0.0962845279023179
5.50226505275262,-0.82952206052363
5.53459448914321,0.654458033218199
5.64721394266219,0.526279746300725
5.52799874301098,0.176188804898425
5.20046410699424,0.473196066336025
4.37857418441078,-1.0333300328397
5.99499104201739,-0.397506292639608
4.94421942337334,0.378051988121753
5.14279454884119,-0.0530400997599072
4.88364022989821,-0.297711228513481
4.91626198297153,-0.733061455119908
5.553607245543,-0.309210424134116
4.04276122285835,-0.588686716624905
4.90350937710295,0.509205335352041
6.24021557850151,-0.0582025152711736
5.01106083213461,-1.00176499850397
6.13913629622993,0.0364412545849548
4.97788603751236,0.108066048240198
3.75830406163191,-0.642409249116506
6.28768408025122,0.49925861603821
4.3263641833926,0.551282580917401
5.2168755076373,-1.33792731881411
5.50043270120196,0.062746759637948
5.59096869404977,1.00453269102924
4.70093988557013,-0.287111063126327
5.5666564066904,0.227698326304831
5.83809087906199,-0.151296921125284
5.48895200595816,-0.236449502857323
4.86185817508378,-0.503895818237107
5.8817051624587,0.585614726783089
4.97640792085583,-0.453990400484545
5.09459869200795,0.0536830309342444
4.78413662943023,-0.69240986463774
4.61290689763331,0.219904903115837
5.0892910070955,0.634428634694602
5.09890139562391,0.000323004402762448
5.72896054385485,-0.404595127232483
4.94545750429306,0.733084644112468
5.02270239661614,1.14635705110845
5.36117660793491,0.440054009456942
5.38399615861023,0.673293653415944
5.31441494952033,-0.475948824898983
5.14932412894366,-0.0196688317610738
4.6877799229782,-0.384582080914735
5.44982012105637,-0.114400161741323
5.81245192546134,0.00272966110474803
4.78484237147471,0.75753201233726
4.42890186946559,-0.402244019850099
5.55587230686471,0.678884683046972
5.42886689101991,-0.496746026777361
6.67880971229999,0.209094049486995
4.53987800450435,0.505770632319425
5.56394068774568,0.718941078232
5.08710698013948,0.242520442450219
5.8179094956838,0.261908074578582
5.96583766741239,-0.289277186454608
4.74318191213024,0.0151521706316541
6.10575987005665,-1.0346879523692
5.24607436918428,1.14573220043374
5.26616491033127,-0.33632682622365
5.14759510652584,-0.364133592047001
5.02368057301615,0.535771394697951
4.92766580103163,0.339783188662122
5.53467732113442,-0.808258280792898
4.71141001448861,0.653309426222302
5.68676925366263,0.00232817035018659
5.30108516194135,0.19559979954757
4.97664618474043,0.409561216944136
4.85670953990886,0.153293574581787
4.53278871889775,-0.524152384041111
5.01380875921238,0.0541770930954291
3.64773758235653,0.288500787477906
4.9030790077373,-0.0453702571007888
4.06823979028024,0.362564691833384
5.18937361902977,-0.540136214472145
4.3014087032049,0.331026019886165
5.41580722028699,-0.185588386988181
5.15264932190354,0.33571763384669
4.62423231764,-0.362781891120976
5.38531205963394,-0.332954107784403
6.26887191430508,0.21075252960157
5.12638954324001,0.419915419900728
5.70060836231643,-0.350708380580595
5.67890052618172,-0.898627655536423
4.73436517023526,-0.757511170335153
4.03247066638667,-0.201774072237728
5.23084117512252,-0.198208196506458
5.05539101193361,1.40641811803055
5.76939709375579,-0.417359563529691
5.12661124834614,-0.328687847454648
5.85919290842948,-0.286758746909512
5.16387062916649,0.0409846877443508
5.8971563681778,-0.732374362440669
4.85390764564484,-0.400295458357826
2.52722319680344,-0.132085203526644
4.16930785048705,-0.00273317396443243
5.73386723463479,0.1497083917235
